Date Masihi,Date Hijri,Day,Imsak,Subuh,Syuruk,Zohor,Asar,Maghrib,Isyak
1-Jan-25,01-Rej-1446,Rabu,5:49 AM,5:59 AM,7:13 AM,1:15 PM,4:38 PM,7:14 PM,8:28 PM
2-Jan-25,02-Rej-1446,Khamis,5:50 AM,6:00 AM,7:13 AM,1:15 PM,4:39 PM,7:14 PM,8:29 PM
3-Jan-25,03-Rej-1446,Jumaat,5:50 AM,6:00 AM,7:14 AM,1:16 PM,4:39 PM,7:15 PM,8:29 PM
4-Jan-25,04-Rej-1446,Sabtu,5:51 AM,6:01 AM,7:14 AM,1:16 PM,4:40 PM,7:15 PM,8:30 PM
5-Jan-25,05-Rej-1446,Ahad,5:51 AM,6:01 AM,7:15 AM,1:17 PM,4:40 PM,7:16 PM,8:30 PM
6-Jan-25,06-Rej-1446,Isnin,5:52 AM,6:02 AM,7:15 AM,1:17 PM,4:41 PM,7:16 PM,8:31 PM
7-Jan-25,07-Rej-1446,Selasa,5:52 AM,6:02 AM,7:16 AM,1:18 PM,4:41 PM,7:17 PM,8:31 PM
8-Jan-25,08-Rej-1446,Rabu,5:53 AM,6:03 AM,7:16 AM,1:18 PM,4:41 PM,7:17 PM,8:31 PM
9-Jan-25,09-Rej-1446,Khamis,5:53 AM,6:03 AM,7:16 AM,1:19 PM,4:42 PM,7:17 PM,8:32 PM
10-Jan-25,10-Rej-1446,Jumaat,5:54 AM,6:04 AM,7:17 AM,1:19 PM,4:42 PM,7:18 PM,8:32 PM
11-Jan-25,11-Rej-1446,Sabtu,5:54 AM,6:04 AM,7:17 AM,1:19 PM,4:43 PM,7:18 PM,8:32 PM
12-Jan-25,12-Rej-1446,Ahad,5:55 AM,6:05 AM,7:18 AM,1:20 PM,4:43 PM,7:19 PM,8:33 PM
13-Jan-25,13-Rej-1446,Isnin,5:55 AM,6:05 AM,7:18 AM,1:20 PM,4:43 PM,7:19 PM,8:33 PM
14-Jan-25,14-Rej-1446,Selasa,5:55 AM,6:05 AM,7:18 AM,1:20 PM,4:44 PM,7:20 PM,8:33 PM
15-Jan-25,15-Rej-1446,Rabu,5:56 AM,6:06 AM,7:19 AM,1:21 PM,4:44 PM,7:20 PM,8:34 PM
16-Jan-25,16-Rej-1446,Khamis,5:56 AM,6:06 AM,7:19 AM,1:21 PM,4:44 PM,7:20 PM,8:34 PM
17-Jan-25,17-Rej-1446,Jumaat,5:57 AM,6:07 AM,7:19 AM,1:22 PM,4:44 PM,7:21 PM,8:34 PM
18-Jan-25,18-Rej-1446,Sabtu,5:57 AM,6:07 AM,7:20 AM,1:22 PM,4:45 PM,7:21 PM,8:34 PM
19-Jan-25,19-Rej-1446,Ahad,5:57 AM,6:07 AM,7:20 AM,1:22 PM,4:45 PM,7:21 PM,8:35 PM
20-Jan-25,20-Rej-1446,Isnin,5:58 AM,6:08 AM,7:20 AM,1:22 PM,4:45 PM,7:22 PM,8:35 PM
21-Jan-25,21-Rej-1446,Selasa,5:58 AM,6:08 AM,7:20 AM,1:23 PM,4:45 PM,7:22 PM,8:35 PM
22-Jan-25,22-Rej-1446,Rabu,5:59 AM,6:09 AM,7:21 AM,1:23 PM,4:46 PM,7:22 PM,8:35 PM
23-Jan-25,23-Rej-1446,Khamis,5:59 AM,6:09 AM,7:21 AM,1:23 PM,4:46 PM,7:23 PM,8:35 PM
24-Jan-25,24-Rej-1446,Jumaat,5:59 AM,6:09 AM,7:21 AM,1:24 PM,4:46 PM,7:23 PM,8:36 PM
25-Jan-25,25-Rej-1446,Sabtu,6:00 AM,6:10 AM,7:21 AM,1:24 PM,4:46 PM,7:23 PM,8:36 PM
26-Jan-25,26-Rej-1446,Ahad,6:00 AM,6:10 AM,7:21 AM,1:24 PM,4:46 PM,7:23 PM,8:36 PM
27-Jan-25,27-Rej-1446,Isnin,6:00 AM,6:10 AM,7:22 AM,1:24 PM,4:46 PM,7:24 PM,8:36 PM
28-Jan-25,28-Rej-1446,Selasa,6:00 AM,6:10 AM,7:22 AM,1:24 PM,4:46 PM,7:24 PM,8:36 PM
29-Jan-25,29-Rej-1446,Rabu,6:01 AM,6:11 AM,7:22 AM,1:25 PM,4:46 PM,7:24 PM,8:36 PM
30-Jan-25,30-Rej-1446,Khamis,6:01 AM,6:11 AM,7:22 AM,1:25 PM,4:46 PM,7:24 PM,8:36 PM
31-Jan-25,01-Syb-1446,Jumaat,6:01 AM,6:11 AM,7:22 AM,1:25 PM,4:46 PM,7:24 PM,8:36 PM
1-Feb-25,02-Syb-1446,Sabtu,6:01 AM,6:11 AM,7:22 AM,1:25 PM,4:46 PM,7:25 PM,8:36 PM
2-Feb-25,03-Syb-1446,Ahad,6:02 AM,6:12 AM,7:22 AM,1:25 PM,4:46 PM,7:25 PM,8:37 PM
3-Feb-25,04-Syb-1446,Isnin,6:02 AM,6:12 AM,7:22 AM,1:25 PM,4:46 PM,7:25 PM,8:37 PM
4-Feb-25,05-Syb-1446,Selasa,6:02 AM,6:12 AM,7:22 AM,1:25 PM,4:46 PM,7:25 PM,8:37 PM
5-Feb-25,06-Syb-1446,Rabu,6:02 AM,6:12 AM,7:22 AM,1:25 PM,4:46 PM,7:25 PM,8:37 PM
6-Feb-25,07-Syb-1446,Khamis,6:02 AM,6:12 AM,7:22 AM,1:25 PM,4:46 PM,7:25 PM,8:37 PM
7-Feb-25,08-Syb-1446,Jumaat,6:02 AM,6:12 AM,7:22 AM,1:26 PM,4:46 PM,7:25 PM,8:37 PM
8-Feb-25,09-Syb-1446,Sabtu,6:02 AM,6:12 AM,7:22 AM,1:26 PM,4:46 PM,7:26 PM,8:37 PM
9-Feb-25,10-Syb-1446,Ahad,6:02 AM,6:12 AM,7:22 AM,1:26 PM,4:46 PM,7:26 PM,8:37 PM
10-Feb-25,11-Syb-1446,Isnin,6:03 AM,6:13 AM,7:22 AM,1:26 PM,4:45 PM,7:26 PM,8:37 PM
11-Feb-25,12-Syb-1446,Selasa,6:03 AM,6:13 AM,7:22 AM,1:26 PM,4:45 PM,7:26 PM,8:36 PM
12-Feb-25,13-Syb-1446,Rabu,6:03 AM,6:13 AM,7:22 AM,1:26 PM,4:45 PM,7:26 PM,8:36 PM
13-Feb-25,14-Syb-1446,Khamis,6:03 AM,6:13 AM,7:22 AM,1:26 PM,4:45 PM,7:26 PM,8:36 PM
14-Feb-25,15-Syb-1446,Jumaat,6:03 AM,6:13 AM,7:22 AM,1:26 PM,4:44 PM,7:26 PM,8:36 PM
15-Feb-25,16-Syb-1446,Sabtu,6:03 AM,6:13 AM,7:22 AM,1:26 PM,4:44 PM,7:26 PM,8:36 PM
16-Feb-25,17-Syb-1446,Ahad,6:03 AM,6:13 AM,7:22 AM,1:25 PM,4:44 PM,7:26 PM,8:36 PM
17-Feb-25,18-Syb-1446,Isnin,6:03 AM,6:13 AM,7:22 AM,1:25 PM,4:43 PM,7:26 PM,8:36 PM
18-Feb-25,19-Syb-1446,Selasa,6:03 AM,6:13 AM,7:22 AM,1:25 PM,4:43 PM,7:26 PM,8:36 PM
19-Feb-25,20-Syb-1446,Rabu,6:03 AM,6:13 AM,7:22 AM,1:25 PM,4:43 PM,7:26 PM,8:36 PM
20-Feb-25,21-Syb-1446,Khamis,6:02 AM,6:12 AM,7:21 AM,1:25 PM,4:42 PM,7:26 PM,8:36 PM
21-Feb-25,22-Syb-1446,Jumaat,6:02 AM,6:12 AM,7:21 AM,1:25 PM,4:42 PM,7:26 PM,8:35 PM
22-Feb-25,23-Syb-1446,Sabtu,6:02 AM,6:12 AM,7:21 AM,1:25 PM,4:41 PM,7:26 PM,8:35 PM
23-Feb-25,24-Syb-1446,Ahad,6:02 AM,6:12 AM,7:21 AM,1:25 PM,4:41 PM,7:25 PM,8:35 PM
24-Feb-25,25-Syb-1446,Isnin,6:02 AM,6:12 AM,7:21 AM,1:25 PM,4:40 PM,7:25 PM,8:35 PM
25-Feb-25,26-Syb-1446,Selasa,6:02 AM,6:12 AM,7:21 AM,1:24 PM,4:40 PM,7:25 PM,8:35 PM
26-Feb-25,27-Syb-1446,Rabu,6:02 AM,6:12 AM,7:20 AM,1:24 PM,4:39 PM,7:25 PM,8:35 PM
27-Feb-25,28-Syb-1446,Khamis,6:02 AM,6:12 AM,7:20 AM,1:24 PM,4:39 PM,7:25 PM,8:34 PM
28-Feb-25,29-Syb-1446,Jumaat,6:01 AM,6:11 AM,7:20 AM,1:24 PM,4:38 PM,7:25 PM,8:34 PM
1-Mar-25,30-Syb-1446,Sabtu,6:01 AM,6:11 AM,7:20 AM,1:24 PM,4:37 PM,7:25 PM,8:34 PM
2-Mar-25,01-Ram-1446,Ahad,6:01 AM,6:11 AM,7:19 AM,1:24 PM,4:37 PM,7:25 PM,8:34 PM
3-Mar-25,02-Ram-1446,Isnin,6:01 AM,6:11 AM,7:19 AM,1:23 PM,4:36 PM,7:25 PM,8:34 PM
4-Mar-25,03-Ram-1446,Selasa,6:01 AM,6:11 AM,7:19 AM,1:23 PM,4:36 PM,7:24 PM,8:33 PM
5-Mar-25,04-Ram-1446,Rabu,6:00 AM,6:10 AM,7:19 AM,1:23 PM,4:35 PM,7:24 PM,8:33 PM
6-Mar-25,05-Ram-1446,Khamis,6:00 AM,6:10 AM,7:18 AM,1:23 PM,4:34 PM,7:24 PM,8:33 PM
7-Mar-25,06-Ram-1446,Jumaat,6:00 AM,6:10 AM,7:18 AM,1:22 PM,4:33 PM,7:24 PM,8:33 PM
8-Mar-25,07-Ram-1446,Sabtu,6:00 AM,6:10 AM,7:18 AM,1:22 PM,4:33 PM,7:24 PM,8:33 PM
9-Mar-25,08-Ram-1446,Ahad,5:59 AM,6:09 AM,7:17 AM,1:22 PM,4:32 PM,7:23 PM,8:32 PM
10-Mar-25,09-Ram-1446,Isnin,5:59 AM,6:09 AM,7:17 AM,1:22 PM,4:31 PM,7:23 PM,8:32 PM
11-Mar-25,10-Ram-1446,Selasa,5:59 AM,6:09 AM,7:17 AM,1:21 PM,4:30 PM,7:23 PM,8:32 PM
12-Mar-25,11-Ram-1446,Rabu,5:59 AM,6:09 AM,7:16 AM,1:21 PM,4:30 PM,7:23 PM,8:32 PM
13-Mar-25,12-Ram-1446,Khamis,5:58 AM,6:08 AM,7:16 AM,1:21 PM,4:29 PM,7:23 PM,8:31 PM
14-Mar-25,13-Ram-1446,Jumaat,5:58 AM,6:08 AM,7:16 AM,1:21 PM,4:28 PM,7:22 PM,8:31 PM
15-Mar-25,14-Ram-1446,Sabtu,5:58 AM,6:08 AM,7:15 AM,1:20 PM,4:27 PM,7:22 PM,8:31 PM
16-Mar-25,15-Ram-1446,Ahad,5:57 AM,6:07 AM,7:15 AM,1:20 PM,4:26 PM,7:22 PM,8:31 PM
17-Mar-25,16-Ram-1446,Isnin,5:57 AM,6:07 AM,7:15 AM,1:20 PM,4:25 PM,7:22 PM,8:30 PM
18-Mar-25,17-Ram-1446,Selasa,5:57 AM,6:07 AM,7:14 AM,1:19 PM,4:24 PM,7:22 PM,8:30 PM
19-Mar-25,18-Ram-1446,Rabu,5:56 AM,6:06 AM,7:14 AM,1:19 PM,4:23 PM,7:21 PM,8:30 PM
20-Mar-25,19-Ram-1446,Khamis,5:56 AM,6:06 AM,7:14 AM,1:19 PM,4:22 PM,7:21 PM,8:30 PM
21-Mar-25,20-Ram-1446,Jumaat,5:56 AM,6:06 AM,7:13 AM,1:19 PM,4:21 PM,7:21 PM,8:30 PM
22-Mar-25,21-Ram-1446,Sabtu,5:55 AM,6:05 AM,7:13 AM,1:19 PM,4:20 PM,7:21 PM,8:29 PM
23-Mar-25,22-Ram-1446,Ahad,5:55 AM,6:05 AM,7:13 AM,1:18 PM,4:19 PM,7:20 PM,8:29 PM
24-Mar-25,23-Ram-1446,Isnin,5:54 AM,6:04 AM,7:12 AM,1:18 PM,4:18 PM,7:20 PM,8:29 PM
25-Mar-25,24-Ram-1446,Selasa,5:54 AM,6:04 AM,7:12 AM,1:18 PM,4:17 PM,7:20 PM,8:29 PM
26-Mar-25,25-Ram-1446,Rabu,5:54 AM,6:04 AM,7:11 AM,1:17 PM,4:16 PM,7:20 PM,8:28 PM
27-Mar-25,26-Ram-1446,Khamis,5:53 AM,6:03 AM,7:11 AM,1:17 PM,4:17 PM,7:19 PM,8:28 PM
28-Mar-25,27-Ram-1446,Jumaat,5:53 AM,6:03 AM,7:11 AM,1:17 PM,4:17 PM,7:19 PM,8:28 PM
29-Mar-25,28-Ram-1446,Sabtu,5:52 AM,6:02 AM,7:10 AM,1:16 PM,4:17 PM,7:19 PM,8:28 PM
30-Mar-25,29-Ram-1446,Ahad,5:52 AM,6:02 AM,7:10 AM,1:16 PM,4:18 PM,7:19 PM,8:28 PM
31-Mar-25,01-Syw-1446,Isnin,5:52 AM,6:02 AM,7:10 AM,1:16 PM,4:18 PM,7:18 PM,8:27 PM
1-Apr-25,02-Syw-1446,Selasa,5:51 AM,6:01 AM,7:09 AM,1:16 PM,4:19 PM,7:18 PM,8:27 PM
2-Apr-25,03-Syw-1446,Rabu,5:51 AM,6:01 AM,7:09 AM,1:15 PM,4:19 PM,7:18 PM,8:27 PM
3-Apr-25,04-Syw-1446,Khamis,5:50 AM,6:00 AM,7:09 AM,1:15 PM,4:20 PM,7:18 PM,8:27 PM
4-Apr-25,05-Syw-1446,Jumaat,5:50 AM,6:00 AM,7:08 AM,1:15 PM,4:20 PM,7:18 PM,8:27 PM
5-Apr-25,06-Syw-1446,Sabtu,5:50 AM,6:00 AM,7:08 AM,1:14 PM,4:20 PM,7:17 PM,8:27 PM
6-Apr-25,07-Syw-1446,Ahad,5:49 AM,5:59 AM,7:07 AM,1:14 PM,4:21 PM,7:17 PM,8:26 PM
7-Apr-25,08-Syw-1446,Isnin,5:49 AM,5:59 AM,7:07 AM,1:14 PM,4:21 PM,7:17 PM,8:26 PM
8-Apr-25,09-Syw-1446,Selasa,5:48 AM,5:58 AM,7:07 AM,1:14 PM,4:21 PM,7:17 PM,8:26 PM
9-Apr-25,10-Syw-1446,Rabu,5:48 AM,5:58 AM,7:06 AM,1:13 PM,4:22 PM,7:16 PM,8:26 PM
10-Apr-25,11-Syw-1446,Khamis,5:48 AM,5:58 AM,7:06 AM,1:13 PM,4:22 PM,7:16 PM,8:26 PM
11-Apr-25,12-Syw-1446,Jumaat,5:47 AM,5:57 AM,7:06 AM,1:13 PM,4:22 PM,7:16 PM,8:26 PM
12-Apr-25,13-Syw-1446,Sabtu,5:47 AM,5:57 AM,7:05 AM,1:12 PM,4:23 PM,7:16 PM,8:26 PM
13-Apr-25,14-Syw-1446,Ahad,5:46 AM,5:56 AM,7:05 AM,1:12 PM,4:23 PM,7:16 PM,8:25 PM
14-Apr-25,15-Syw-1446,Isnin,5:46 AM,5:56 AM,7:05 AM,1:12 PM,4:23 PM,7:15 PM,8:25 PM
15-Apr-25,16-Syw-1446,Selasa,5:46 AM,5:56 AM,7:05 AM,1:12 PM,4:23 PM,7:15 PM,8:25 PM
16-Apr-25,17-Syw-1446,Rabu,5:45 AM,5:55 AM,7:04 AM,1:11 PM,4:24 PM,7:15 PM,8:25 PM
17-Apr-25,18-Syw-1446,Khamis,5:45 AM,5:55 AM,7:04 AM,1:11 PM,4:24 PM,7:15 PM,8:25 PM
18-Apr-25,19-Syw-1446,Jumaat,5:45 AM,5:55 AM,7:04 AM,1:11 PM,4:24 PM,7:15 PM,8:25 PM
19-Apr-25,20-Syw-1446,Sabtu,5:44 AM,5:54 AM,7:03 AM,1:11 PM,4:24 PM,7:15 PM,8:25 PM
20-Apr-25,21-Syw-1446,Ahad,5:44 AM,5:54 AM,7:03 AM,1:11 PM,4:25 PM,7:14 PM,8:25 PM
21-Apr-25,22-Syw-1446,Isnin,5:43 AM,5:53 AM,7:03 AM,1:10 PM,4:25 PM,7:14 PM,8:25 PM
22-Apr-25,23-Syw-1446,Selasa,5:43 AM,5:53 AM,7:03 AM,1:10 PM,4:25 PM,7:14 PM,8:25 PM
23-Apr-25,24-Syw-1446,Rabu,5:43 AM,5:53 AM,7:02 AM,1:10 PM,4:25 PM,7:14 PM,8:25 PM
24-Apr-25,25-Syw-1446,Khamis,5:42 AM,5:52 AM,7:02 AM,1:10 PM,4:26 PM,7:14 PM,8:25 PM
25-Apr-25,26-Syw-1446,Jumaat,5:42 AM,5:52 AM,7:02 AM,1:10 PM,4:26 PM,7:14 PM,8:25 PM
26-Apr-25,27-Syw-1446,Sabtu,5:42 AM,5:52 AM,7:02 AM,1:09 PM,4:26 PM,7:14 PM,8:25 PM
27-Apr-25,28-Syw-1446,Ahad,5:41 AM,5:51 AM,7:01 AM,1:09 PM,4:26 PM,7:14 PM,8:25 PM
28-Apr-25,29-Syw-1446,Isnin,5:41 AM,5:51 AM,7:01 AM,1:09 PM,4:26 PM,7:14 PM,8:25 PM
29-Apr-25,01-Zkh-1446,Selasa,5:41 AM,5:51 AM,7:01 AM,1:09 PM,4:27 PM,7:13 PM,8:25 PM
30-Apr-25,02-Zkh-1446,Rabu,5:40 AM,5:50 AM,7:01 AM,1:09 PM,4:27 PM,7:13 PM,8:25 PM
1-May-25,03-Zkh-1446,Khamis,5:40 AM,5:50 AM,7:01 AM,1:09 PM,4:27 PM,7:13 PM,8:25 PM
2-May-25,04-Zkh-1446,Jumaat,5:40 AM,5:50 AM,7:00 AM,1:09 PM,4:27 PM,7:13 PM,8:25 PM
3-May-25,05-Zkh-1446,Sabtu,5:40 AM,5:50 AM,7:00 AM,1:08 PM,4:27 PM,7:13 PM,8:25 PM
4-May-25,06-Zkh-1446,Ahad,5:39 AM,5:49 AM,7:00 AM,1:08 PM,4:28 PM,7:13 PM,8:25 PM
5-May-25,07-Zkh-1446,Isnin,5:39 AM,5:49 AM,7:00 AM,1:08 PM,4:28 PM,7:13 PM,8:25 PM
6-May-25,08-Zkh-1446,Selasa,5:39 AM,5:49 AM,7:00 AM,1:08 PM,4:28 PM,7:13 PM,8:25 PM
7-May-25,09-Zkh-1446,Rabu,5:39 AM,5:49 AM,7:00 AM,1:08 PM,4:28 PM,7:13 PM,8:25 PM
8-May-25,10-Zkh-1446,Khamis,5:38 AM,5:48 AM,7:00 AM,1:08 PM,4:28 PM,7:13 PM,8:25 PM
9-May-25,11-Zkh-1446,Jumaat,5:38 AM,5:48 AM,6:59 AM,1:08 PM,4:29 PM,7:13 PM,8:25 PM
10-May-25,12-Zkh-1446,Sabtu,5:38 AM,5:48 AM,6:59 AM,1:08 PM,4:29 PM,7:13 PM,8:26 PM
11-May-25,13-Zkh-1446,Ahad,5:38 AM,5:48 AM,6:59 AM,1:08 PM,4:29 PM,7:13 PM,8:26 PM
12-May-25,14-Zkh-1446,Isnin,5:38 AM,5:48 AM,6:59 AM,1:08 PM,4:29 PM,7:13 PM,8:26 PM
13-May-25,15-Zkh-1446,Selasa,5:37 AM,5:47 AM,6:59 AM,1:08 PM,4:29 PM,7:13 PM,8:26 PM
14-May-25,16-Zkh-1446,Rabu,5:37 AM,5:47 AM,6:59 AM,1:08 PM,4:30 PM,7:13 PM,8:26 PM
15-May-25,17-Zkh-1446,Khamis,5:37 AM,5:47 AM,6:59 AM,1:08 PM,4:30 PM,7:13 PM,8:26 PM
16-May-25,18-Zkh-1446,Jumaat,5:37 AM,5:47 AM,6:59 AM,1:08 PM,4:30 PM,7:13 PM,8:27 PM
17-May-25,19-Zkh-1446,Sabtu,5:37 AM,5:47 AM,6:59 AM,1:08 PM,4:30 PM,7:13 PM,8:27 PM
18-May-25,20-Zkh-1446,Ahad,5:37 AM,5:47 AM,6:59 AM,1:08 PM,4:31 PM,7:14 PM,8:27 PM
19-May-25,21-Zkh-1446,Isnin,5:37 AM,5:47 AM,6:59 AM,1:08 PM,4:31 PM,7:14 PM,8:27 PM
20-May-25,22-Zkh-1446,Selasa,5:37 AM,5:47 AM,6:59 AM,1:08 PM,4:31 PM,7:14 PM,8:27 PM
21-May-25,23-Zkh-1446,Rabu,5:36 AM,5:46 AM,6:59 AM,1:08 PM,4:31 PM,7:14 PM,8:28 PM
22-May-25,24-Zkh-1446,Khamis,5:36 AM,5:46 AM,6:59 AM,1:08 PM,4:31 PM,7:14 PM,8:28 PM
23-May-25,25-Zkh-1446,Jumaat,5:36 AM,5:46 AM,6:59 AM,1:08 PM,4:32 PM,7:14 PM,8:28 PM
24-May-25,26-Zkh-1446,Sabtu,5:36 AM,5:46 AM,6:59 AM,1:08 PM,4:32 PM,7:14 PM,8:28 PM
25-May-25,27-Zkh-1446,Ahad,5:36 AM,5:46 AM,6:59 AM,1:08 PM,4:32 PM,7:14 PM,8:28 PM
26-May-25,28-Zkh-1446,Isnin,5:36 AM,5:46 AM,6:59 AM,1:08 PM,4:32 PM,7:15 PM,8:29 PM
27-May-25,29-Zkh-1446,Selasa,5:36 AM,5:46 AM,6:59 AM,1:08 PM,4:33 PM,7:15 PM,8:29 PM
28-May-25,30-Zkh-1446,Rabu,5:36 AM,5:46 AM,6:59 AM,1:09 PM,4:33 PM,7:15 PM,8:29 PM
29-May-25,01-Zhj-1446,Khamis,5:36 AM,5:46 AM,7:00 AM,1:09 PM,4:33 PM,7:15 PM,8:29 PM
30-May-25,02-Zhj-1446,Jumaat,5:36 AM,5:46 AM,7:00 AM,1:09 PM,4:33 PM,7:15 PM,8:30 PM
31-May-25,03-Zhj-1446,Sabtu,5:36 AM,5:46 AM,7:00 AM,1:09 PM,4:34 PM,7:15 PM,8:30 PM
1-Jun-25,04-Zhj-1446,Ahad,5:36 AM,5:46 AM,7:00 AM,1:09 PM,4:34 PM,7:16 PM,8:30 PM
2-Jun-25,05-Zhj-1446,Isnin,5:36 AM,5:46 AM,7:00 AM,1:09 PM,4:34 PM,7:16 PM,8:30 PM
3-Jun-25,06-Zhj-1446,Selasa,5:36 AM,5:46 AM,7:00 AM,1:09 PM,4:34 PM,7:16 PM,8:31 PM
4-Jun-25,07-Zhj-1446,Rabu,5:36 AM,5:46 AM,7:00 AM,1:10 PM,4:35 PM,7:16 PM,8:31 PM
5-Jun-25,08-Zhj-1446,Khamis,5:37 AM,5:47 AM,7:00 AM,1:10 PM,4:35 PM,7:16 PM,8:31 PM
6-Jun-25,09-Zhj-1446,Jumaat,5:37 AM,5:47 AM,7:01 AM,1:10 PM,4:35 PM,7:16 PM,8:31 PM
7-Jun-25,10-Zhj-1446,Sabtu,5:37 AM,5:47 AM,7:01 AM,1:10 PM,4:35 PM,7:17 PM,8:32 PM
8-Jun-25,11-Zhj-1446,Ahad,5:37 AM,5:47 AM,7:01 AM,1:10 PM,4:36 PM,7:17 PM,8:32 PM
9-Jun-25,12-Zhj-1446,Isnin,5:37 AM,5:47 AM,7:01 AM,1:10 PM,4:36 PM,7:17 PM,8:32 PM
10-Jun-25,13-Zhj-1446,Selasa,5:37 AM,5:47 AM,7:01 AM,1:11 PM,4:36 PM,7:17 PM,8:33 PM
11-Jun-25,14-Zhj-1446,Rabu,5:37 AM,5:47 AM,7:01 AM,1:11 PM,4:36 PM,7:18 PM,8:33 PM
12-Jun-25,15-Zhj-1446,Khamis,5:37 AM,5:47 AM,7:02 AM,1:11 PM,4:37 PM,7:18 PM,8:33 PM
13-Jun-25,16-Zhj-1446,Jumaat,5:38 AM,5:48 AM,7:02 AM,1:11 PM,4:37 PM,7:18 PM,8:33 PM
14-Jun-25,17-Zhj-1446,Sabtu,5:38 AM,5:48 AM,7:02 AM,1:11 PM,4:37 PM,7:18 PM,8:34 PM
15-Jun-25,18-Zhj-1446,Ahad,5:38 AM,5:48 AM,7:02 AM,1:12 PM,4:37 PM,7:18 PM,8:34 PM
16-Jun-25,19-Zhj-1446,Isnin,5:38 AM,5:48 AM,7:02 AM,1:12 PM,4:38 PM,7:19 PM,8:34 PM
17-Jun-25,20-Zhj-1446,Selasa,5:38 AM,5:48 AM,7:03 AM,1:12 PM,4:38 PM,7:19 PM,8:34 PM
18-Jun-25,21-Zhj-1446,Rabu,5:38 AM,5:48 AM,7:03 AM,1:12 PM,4:38 PM,7:19 PM,8:35 PM
19-Jun-25,22-Zhj-1446,Khamis,5:39 AM,5:49 AM,7:03 AM,1:13 PM,4:38 PM,7:19 PM,8:35 PM
20-Jun-25,23-Zhj-1446,Jumaat,5:39 AM,5:49 AM,7:03 AM,1:13 PM,4:38 PM,7:20 PM,8:35 PM
21-Jun-25,24-Zhj-1446,Sabtu,5:39 AM,5:49 AM,7:04 AM,1:13 PM,4:39 PM,7:20 PM,8:35 PM
22-Jun-25,25-Zhj-1446,Ahad,5:39 AM,5:49 AM,7:04 AM,1:13 PM,4:39 PM,7:20 PM,8:35 PM
23-Jun-25,26-Zhj-1446,Isnin,5:40 AM,5:50 AM,7:04 AM,1:13 PM,4:39 PM,7:20 PM,8:36 PM
24-Jun-25,27-Zhj-1446,Selasa,5:40 AM,5:50 AM,7:04 AM,1:14 PM,4:39 PM,7:20 PM,8:36 PM
25-Jun-25,28-Zhj-1446,Rabu,5:40 AM,5:50 AM,7:04 AM,1:14 PM,4:40 PM,7:21 PM,8:36 PM
26-Jun-25,29-Zhj-1446,Khamis,5:40 AM,5:50 AM,7:05 AM,1:14 PM,4:40 PM,7:21 PM,8:36 PM
27-Jun-25,01-Muh-1447,Jumaat,5:41 AM,5:51 AM,7:05 AM,1:14 PM,4:40 PM,7:21 PM,8:36 PM
28-Jun-25,02-Muh-1447,Sabtu,5:41 AM,5:51 AM,7:05 AM,1:15 PM,4:40 PM,7:21 PM,8:37 PM
29-Jun-25,03-Muh-1447,Ahad,5:41 AM,5:51 AM,7:05 AM,1:15 PM,4:40 PM,7:21 PM,8:37 PM
30-Jun-25,04-Muh-1447,Isnin,5:41 AM,5:51 AM,7:06 AM,1:15 PM,4:40 PM,7:22 PM,8:37 PM
1-Jul-25,05-Muh-1447,Selasa,5:41 AM,5:51 AM,7:06 AM,1:15 PM,4:41 PM,7:22 PM,8:37 PM
2-Jul-25,06-Muh-1447,Rabu,5:42 AM,5:52 AM,7:06 AM,1:15 PM,4:41 PM,7:22 PM,8:37 PM
3-Jul-25,07-Muh-1447,Khamis,5:42 AM,5:52 AM,7:06 AM,1:15 PM,4:41 PM,7:22 PM,8:37 PM
4-Jul-25,08-Muh-1447,Jumaat,5:42 AM,5:52 AM,7:06 AM,1:16 PM,4:41 PM,7:22 PM,8:37 PM
5-Jul-25,09-Muh-1447,Sabtu,5:42 AM,5:52 AM,7:07 AM,1:16 PM,4:41 PM,7:22 PM,8:37 PM
6-Jul-25,10-Muh-1447,Ahad,5:43 AM,5:53 AM,7:07 AM,1:16 PM,4:41 PM,7:23 PM,8:38 PM
7-Jul-25,11-Muh-1447,Isnin,5:43 AM,5:53 AM,7:07 AM,1:16 PM,4:41 PM,7:23 PM,8:38 PM
8-Jul-25,12-Muh-1447,Selasa,5:43 AM,5:53 AM,7:07 AM,1:16 PM,4:41 PM,7:23 PM,8:38 PM
9-Jul-25,13-Muh-1447,Rabu,5:43 AM,5:53 AM,7:07 AM,1:17 PM,4:42 PM,7:23 PM,8:38 PM
10-Jul-25,14-Muh-1447,Khamis,5:44 AM,5:54 AM,7:07 AM,1:17 PM,4:42 PM,7:23 PM,8:38 PM
11-Jul-25,15-Muh-1447,Jumaat,5:44 AM,5:54 AM,7:08 AM,1:17 PM,4:42 PM,7:23 PM,8:38 PM
12-Jul-25,16-Muh-1447,Sabtu,5:44 AM,5:54 AM,7:08 AM,1:17 PM,4:42 PM,7:23 PM,8:38 PM
13-Jul-25,17-Muh-1447,Ahad,5:44 AM,5:54 AM,7:08 AM,1:17 PM,4:42 PM,7:23 PM,8:38 PM
14-Jul-25,18-Muh-1447,Isnin,5:45 AM,5:55 AM,7:08 AM,1:17 PM,4:42 PM,7:23 PM,8:38 PM
15-Jul-25,19-Muh-1447,Selasa,5:45 AM,5:55 AM,7:08 AM,1:17 PM,4:42 PM,7:24 PM,8:38 PM
16-Jul-25,20-Muh-1447,Rabu,5:45 AM,5:55 AM,7:08 AM,1:17 PM,4:42 PM,7:24 PM,8:38 PM
17-Jul-25,21-Muh-1447,Khamis,5:45 AM,5:55 AM,7:08 AM,1:18 PM,4:42 PM,7:24 PM,8:38 PM
18-Jul-25,22-Muh-1447,Jumaat,5:46 AM,5:56 AM,7:09 AM,1:18 PM,4:42 PM,7:24 PM,8:38 PM
19-Jul-25,23-Muh-1447,Sabtu,5:46 AM,5:56 AM,7:09 AM,1:18 PM,4:42 PM,7:24 PM,8:38 PM
20-Jul-25,24-Muh-1447,Ahad,5:46 AM,5:56 AM,7:09 AM,1:18 PM,4:41 PM,7:24 PM,8:38 PM
21-Jul-25,25-Muh-1447,Isnin,5:46 AM,5:56 AM,7:09 AM,1:18 PM,4:41 PM,7:24 PM,8:37 PM
22-Jul-25,26-Muh-1447,Selasa,5:46 AM,5:56 AM,7:09 AM,1:18 PM,4:41 PM,7:24 PM,8:37 PM
23-Jul-25,27-Muh-1447,Rabu,5:46 AM,5:56 AM,7:09 AM,1:18 PM,4:41 PM,7:24 PM,8:37 PM
24-Jul-25,28-Muh-1447,Khamis,5:47 AM,5:57 AM,7:09 AM,1:18 PM,4:41 PM,7:24 PM,8:37 PM
25-Jul-25,29-Muh-1447,Jumaat,5:47 AM,5:57 AM,7:09 AM,1:18 PM,4:41 PM,7:24 PM,8:37 PM
26-Jul-25,01-Saf-1447,Sabtu,5:47 AM,5:57 AM,7:09 AM,1:18 PM,4:41 PM,7:24 PM,8:37 PM
27-Jul-25,02-Saf-1447,Ahad,5:47 AM,5:57 AM,7:09 AM,1:18 PM,4:41 PM,7:24 PM,8:37 PM
28-Jul-25,03-Saf-1447,Isnin,5:47 AM,5:57 AM,7:09 AM,1:18 PM,4:40 PM,7:24 PM,8:36 PM
29-Jul-25,04-Saf-1447,Selasa,5:47 AM,5:57 AM,7:09 AM,1:18 PM,4:40 PM,7:23 PM,8:36 PM
30-Jul-25,05-Saf-1447,Rabu,5:48 AM,5:58 AM,7:09 AM,1:18 PM,4:40 PM,7:23 PM,8:36 PM
31-Jul-25,06-Saf-1447,Khamis,5:48 AM,5:58 AM,7:09 AM,1:18 PM,4:40 PM,7:23 PM,8:36 PM
1-Aug-25,07-Saf-1447,Jumaat,5:48 AM,5:58 AM,7:09 AM,1:18 PM,4:39 PM,7:23 PM,8:36 PM
2-Aug-25,08-Saf-1447,Sabtu,5:48 AM,5:58 AM,7:09 AM,1:18 PM,4:39 PM,7:23 PM,8:35 PM
3-Aug-25,09-Saf-1447,Ahad,5:48 AM,5:58 AM,7:09 AM,1:18 PM,4:39 PM,7:23 PM,8:35 PM
4-Aug-25,10-Saf-1447,Isnin,5:48 AM,5:58 AM,7:09 AM,1:18 PM,4:38 PM,7:23 PM,8:35 PM
5-Aug-25,11-Saf-1447,Selasa,5:48 AM,5:58 AM,7:09 AM,1:18 PM,4:38 PM,7:23 PM,8:35 PM
6-Aug-25,12-Saf-1447,Rabu,5:48 AM,5:58 AM,7:09 AM,1:17 PM,4:38 PM,7:22 PM,8:34 PM
7-Aug-25,13-Saf-1447,Khamis,5:48 AM,5:58 AM,7:09 AM,1:17 PM,4:37 PM,7:22 PM,8:34 PM
8-Aug-25,14-Saf-1447,Jumaat,5:48 AM,5:58 AM,7:09 AM,1:17 PM,4:37 PM,7:22 PM,8:34 PM
9-Aug-25,15-Saf-1447,Sabtu,5:48 AM,5:58 AM,7:09 AM,1:17 PM,4:36 PM,7:22 PM,8:33 PM
10-Aug-25,16-Saf-1447,Ahad,5:48 AM,5:58 AM,7:09 AM,1:17 PM,4:36 PM,7:22 PM,8:33 PM
11-Aug-25,17-Saf-1447,Isnin,5:48 AM,5:58 AM,7:09 AM,1:17 PM,4:35 PM,7:21 PM,8:33 PM
12-Aug-25,18-Saf-1447,Selasa,5:48 AM,5:58 AM,7:09 AM,1:17 PM,4:35 PM,7:21 PM,8:33 PM
13-Aug-25,19-Saf-1447,Rabu,5:48 AM,5:58 AM,7:08 AM,1:16 PM,4:34 PM,7:21 PM,8:32 PM
14-Aug-25,20-Saf-1447,Khamis,5:48 AM,5:58 AM,7:08 AM,1:16 PM,4:34 PM,7:21 PM,8:32 PM
15-Aug-25,21-Saf-1447,Jumaat,5:48 AM,5:58 AM,7:08 AM,1:16 PM,4:33 PM,7:20 PM,8:31 PM
16-Aug-25,22-Saf-1447,Sabtu,5:48 AM,5:58 AM,7:08 AM,1:16 PM,4:33 PM,7:20 PM,8:31 PM
17-Aug-25,23-Saf-1447,Ahad,5:48 AM,5:58 AM,7:08 AM,1:16 PM,4:32 PM,7:20 PM,8:31 PM
18-Aug-25,24-Saf-1447,Isnin,5:48 AM,5:58 AM,7:08 AM,1:16 PM,4:32 PM,7:20 PM,8:30 PM
19-Aug-25,25-Saf-1447,Selasa,5:48 AM,5:58 AM,7:08 AM,1:15 PM,4:31 PM,7:19 PM,8:30 PM
20-Aug-25,26-Saf-1447,Rabu,5:48 AM,5:58 AM,7:07 AM,1:15 PM,4:30 PM,7:19 PM,8:30 PM
21-Aug-25,27-Saf-1447,Khamis,5:48 AM,5:58 AM,7:07 AM,1:15 PM,4:30 PM,7:19 PM,8:29 PM
22-Aug-25,28-Saf-1447,Jumaat,5:48 AM,5:58 AM,7:07 AM,1:15 PM,4:29 PM,7:18 PM,8:29 PM
23-Aug-25,29-Saf-1447,Sabtu,5:48 AM,5:58 AM,7:07 AM,1:14 PM,4:28 PM,7:18 PM,8:28 PM
24-Aug-25,30-Saf-1447,Ahad,5:47 AM,5:57 AM,7:07 AM,1:14 PM,4:28 PM,7:18 PM,8:28 PM
25-Aug-25,01-Raw-1447,Isnin,5:47 AM,5:57 AM,7:06 AM,1:14 PM,4:27 PM,7:17 PM,8:28 PM
26-Aug-25,02-Raw-1447,Selasa,5:47 AM,5:57 AM,7:06 AM,1:14 PM,4:26 PM,7:17 PM,8:27 PM
27-Aug-25,03-Raw-1447,Rabu,5:47 AM,5:57 AM,7:06 AM,1:13 PM,4:25 PM,7:17 PM,8:27 PM
28-Aug-25,04-Raw-1447,Khamis,5:47 AM,5:57 AM,7:06 AM,1:13 PM,4:25 PM,7:16 PM,8:26 PM
29-Aug-25,05-Raw-1447,Jumaat,5:47 AM,5:57 AM,7:06 AM,1:13 PM,4:24 PM,7:16 PM,8:26 PM
30-Aug-25,06-Raw-1447,Sabtu,5:47 AM,5:57 AM,7:05 AM,1:12 PM,4:23 PM,7:16 PM,8:25 PM
31-Aug-25,07-Raw-1447,Ahad,5:46 AM,5:56 AM,7:05 AM,1:12 PM,4:22 PM,7:15 PM,8:25 PM
1-Sep-25,08-Raw-1447,Isnin,5:46 AM,5:56 AM,7:05 AM,1:12 PM,4:21 PM,7:15 PM,8:24 PM
2-Sep-25,09-Raw-1447,Selasa,5:46 AM,5:56 AM,7:05 AM,1:11 PM,4:20 PM,7:15 PM,8:24 PM
3-Sep-25,10-Raw-1447,Rabu,5:46 AM,5:56 AM,7:04 AM,1:11 PM,4:19 PM,7:14 PM,8:24 PM
4-Sep-25,11-Raw-1447,Khamis,5:46 AM,5:56 AM,7:04 AM,1:11 PM,4:19 PM,7:14 PM,8:23 PM
5-Sep-25,12-Raw-1447,Jumaat,5:45 AM,5:55 AM,7:04 AM,1:10 PM,4:18 PM,7:13 PM,8:23 PM
6-Sep-25,13-Raw-1447,Sabtu,5:45 AM,5:55 AM,7:03 AM,1:10 PM,4:17 PM,7:13 PM,8:22 PM
7-Sep-25,14-Raw-1447,Ahad,5:45 AM,5:55 AM,7:03 AM,1:10 PM,4:16 PM,7:13 PM,8:22 PM
8-Sep-25,15-Raw-1447,Isnin,5:45 AM,5:55 AM,7:03 AM,1:09 PM,4:15 PM,7:12 PM,8:21 PM
9-Sep-25,16-Raw-1447,Selasa,5:45 AM,5:55 AM,7:03 AM,1:09 PM,4:14 PM,7:12 PM,8:21 PM
10-Sep-25,17-Raw-1447,Rabu,5:44 AM,5:54 AM,7:02 AM,1:09 PM,4:13 PM,7:11 PM,8:20 PM
11-Sep-25,18-Raw-1447,Khamis,5:44 AM,5:54 AM,7:02 AM,1:08 PM,4:12 PM,7:11 PM,8:20 PM
12-Sep-25,19-Raw-1447,Jumaat,5:44 AM,5:54 AM,7:02 AM,1:08 PM,4:10 PM,7:11 PM,8:19 PM
13-Sep-25,20-Raw-1447,Sabtu,5:44 AM,5:54 AM,7:01 AM,1:08 PM,4:09 PM,7:10 PM,8:19 PM
14-Sep-25,21-Raw-1447,Ahad,5:43 AM,5:53 AM,7:01 AM,1:07 PM,4:08 PM,7:10 PM,8:19 PM
15-Sep-25,22-Raw-1447,Isnin,5:43 AM,5:53 AM,7:01 AM,1:07 PM,4:07 PM,7:09 PM,8:18 PM
16-Sep-25,23-Raw-1447,Selasa,5:43 AM,5:53 AM,7:01 AM,1:07 PM,4:06 PM,7:09 PM,8:18 PM
17-Sep-25,24-Raw-1447,Rabu,5:42 AM,5:52 AM,7:00 AM,1:06 PM,4:05 PM,7:08 PM,8:17 PM
18-Sep-25,25-Raw-1447,Khamis,5:42 AM,5:52 AM,7:00 AM,1:06 PM,4:05 PM,7:08 PM,8:17 PM
19-Sep-25,26-Raw-1447,Jumaat,5:42 AM,5:52 AM,7:00 AM,1:06 PM,4:06 PM,7:08 PM,8:16 PM
20-Sep-25,27-Raw-1447,Sabtu,5:42 AM,5:52 AM,6:59 AM,1:05 PM,4:06 PM,7:07 PM,8:16 PM
21-Sep-25,28-Raw-1447,Ahad,5:41 AM,5:51 AM,6:59 AM,1:05 PM,4:06 PM,7:07 PM,8:15 PM
22-Sep-25,29-Raw-1447,Isnin,5:41 AM,5:51 AM,6:59 AM,1:04 PM,4:07 PM,7:06 PM,8:15 PM
23-Sep-25,01-Rak-1447,Selasa,5:41 AM,5:51 AM,6:59 AM,1:04 PM,4:07 PM,7:06 PM,8:15 PM
24-Sep-25,02-Rak-1447,Rabu,5:41 AM,5:51 AM,6:58 AM,1:03 PM,4:07 PM,7:06 PM,8:14 PM
25-Sep-25,03-Rak-1447,Khamis,5:40 AM,5:50 AM,6:58 AM,1:03 PM,4:08 PM,7:05 PM,8:14 PM
26-Sep-25,04-Rak-1447,Jumaat,5:40 AM,5:50 AM,6:58 AM,1:03 PM,4:08 PM,7:05 PM,8:13 PM
27-Sep-25,05-Rak-1447,Sabtu,5:40 AM,5:50 AM,6:57 AM,1:02 PM,4:08 PM,7:04 PM,8:13 PM
28-Sep-25,06-Rak-1447,Ahad,5:39 AM,5:49 AM,6:57 AM,1:02 PM,4:08 PM,7:04 PM,8:13 PM
29-Sep-25,07-Rak-1447,Isnin,5:39 AM,5:49 AM,6:57 AM,1:02 PM,4:09 PM,7:04 PM,8:12 PM
30-Sep-25,08-Rak-1447,Selasa,5:39 AM,5:49 AM,6:57 AM,1:01 PM,4:09 PM,7:03 PM,8:12 PM
1-Oct-25,09-Rak-1447,Rabu,5:39 AM,5:49 AM,6:56 AM,1:01 PM,4:09 PM,7:03 PM,8:12 PM
2-Oct-25,10-Rak-1447,Khamis,5:38 AM,5:48 AM,6:56 AM,1:01 PM,4:09 PM,7:02 PM,8:11 PM
3-Oct-25,11-Rak-1447,Jumaat,5:38 AM,5:48 AM,6:56 AM,1:00 PM,4:10 PM,7:02 PM,8:11 PM
4-Oct-25,12-Rak-1447,Sabtu,5:38 AM,5:48 AM,6:56 AM,1:00 PM,4:10 PM,7:02 PM,8:11 PM
5-Oct-25,13-Rak-1447,Ahad,5:37 AM,5:47 AM,6:55 AM,1:00 PM,4:10 PM,7:01 PM,8:10 PM
6-Oct-25,14-Rak-1447,Isnin,5:37 AM,5:47 AM,6:55 AM,1:00 PM,4:10 PM,7:01 PM,8:10 PM
7-Oct-25,15-Rak-1447,Selasa,5:37 AM,5:47 AM,6:55 AM,12:59 PM,4:10 PM,7:01 PM,8:10 PM
8-Oct-25,16-Rak-1447,Rabu,5:37 AM,5:47 AM,6:55 AM,12:59 PM,4:11 PM,7:00 PM,8:09 PM
9-Oct-25,17-Rak-1447,Khamis,5:36 AM,5:46 AM,6:54 AM,12:59 PM,4:11 PM,7:00 PM,8:09 PM
10-Oct-25,18-Rak-1447,Jumaat,5:36 AM,5:46 AM,6:54 AM,12:58 PM,4:11 PM,7:00 PM,8:09 PM
11-Oct-25,19-Rak-1447,Sabtu,5:36 AM,5:46 AM,6:54 AM,12:58 PM,4:11 PM,6:59 PM,8:08 PM
12-Oct-25,20-Rak-1447,Ahad,5:35 AM,5:45 AM,6:54 AM,12:58 PM,4:11 PM,6:59 PM,8:08 PM
13-Oct-25,21-Rak-1447,Isnin,5:35 AM,5:45 AM,6:54 AM,12:58 PM,4:11 PM,6:59 PM,8:08 PM
14-Oct-25,22-Rak-1447,Selasa,5:35 AM,5:45 AM,6:53 AM,12:57 PM,4:12 PM,6:58 PM,8:08 PM
15-Oct-25,23-Rak-1447,Rabu,5:35 AM,5:45 AM,6:53 AM,12:57 PM,4:12 PM,6:58 PM,8:08 PM
16-Oct-25,24-Rak-1447,Khamis,5:35 AM,5:45 AM,6:53 AM,12:57 PM,4:12 PM,6:58 PM,8:07 PM
17-Oct-25,25-Rak-1447,Jumaat,5:34 AM,5:44 AM,6:53 AM,12:57 PM,4:12 PM,6:58 PM,8:07 PM
18-Oct-25,26-Rak-1447,Sabtu,5:34 AM,5:44 AM,6:53 AM,12:57 PM,4:12 PM,6:57 PM,8:07 PM
19-Oct-25,27-Rak-1447,Ahad,5:34 AM,5:44 AM,6:53 AM,12:56 PM,4:12 PM,6:57 PM,8:07 PM
20-Oct-25,28-Rak-1447,Isnin,5:34 AM,5:44 AM,6:52 AM,12:56 PM,4:13 PM,6:57 PM,8:07 PM
21-Oct-25,29-Rak-1447,Selasa,5:33 AM,5:43 AM,6:52 AM,12:56 PM,4:13 PM,6:57 PM,8:07 PM
22-Oct-25,30-Rak-1447,Rabu,5:33 AM,5:43 AM,6:52 AM,12:56 PM,4:13 PM,6:56 PM,8:06 PM
23-Oct-25,01-Jaw-1447,Khamis,5:33 AM,5:43 AM,6:52 AM,12:56 PM,4:13 PM,6:56 PM,8:06 PM
24-Oct-25,02-Jaw-1447,Jumaat,5:33 AM,5:43 AM,6:52 AM,12:56 PM,4:13 PM,6:56 PM,8:06 PM
25-Oct-25,03-Jaw-1447,Sabtu,5:33 AM,5:43 AM,6:52 AM,12:56 PM,4:13 PM,6:56 PM,8:06 PM
26-Oct-25,04-Jaw-1447,Ahad,5:33 AM,5:43 AM,6:52 AM,12:55 PM,4:14 PM,6:56 PM,8:06 PM
27-Oct-25,05-Jaw-1447,Isnin,5:32 AM,5:42 AM,6:52 AM,12:55 PM,4:14 PM,6:56 PM,8:06 PM
28-Oct-25,06-Jaw-1447,Selasa,5:32 AM,5:42 AM,6:52 AM,12:55 PM,4:14 PM,6:55 PM,8:06 PM
29-Oct-25,07-Jaw-1447,Rabu,5:32 AM,5:42 AM,6:52 AM,12:55 PM,4:14 PM,6:55 PM,8:06 PM
30-Oct-25,08-Jaw-1447,Khamis,5:32 AM,5:42 AM,6:52 AM,12:55 PM,4:14 PM,6:55 PM,8:06 PM
31-Oct-25,09-Jaw-1447,Jumaat,5:32 AM,5:42 AM,6:52 AM,12:55 PM,4:14 PM,6:55 PM,8:06 PM
1-Nov-25,10-Jaw-1447,Sabtu,5:32 AM,5:42 AM,6:52 AM,12:55 PM,4:15 PM,6:55 PM,8:06 PM
2-Nov-25,11-Jaw-1447,Ahad,5:32 AM,5:42 AM,6:52 AM,12:55 PM,4:15 PM,6:55 PM,8:06 PM
3-Nov-25,12-Jaw-1447,Isnin,5:32 AM,5:42 AM,6:52 AM,12:55 PM,4:15 PM,6:55 PM,8:06 PM
4-Nov-25,13-Jaw-1447,Selasa,5:32 AM,5:42 AM,6:52 AM,12:55 PM,4:15 PM,6:55 PM,8:06 PM
5-Nov-25,14-Jaw-1447,Rabu,5:32 AM,5:42 AM,6:52 AM,12:55 PM,4:15 PM,6:55 PM,8:06 PM
6-Nov-25,15-Jaw-1447,Khamis,5:32 AM,5:42 AM,6:52 AM,12:55 PM,4:16 PM,6:55 PM,8:06 PM
7-Nov-25,16-Jaw-1447,Jumaat,5:32 AM,5:42 AM,6:52 AM,12:55 PM,4:16 PM,6:55 PM,8:06 PM
8-Nov-25,17-Jaw-1447,Sabtu,5:32 AM,5:42 AM,6:52 AM,12:55 PM,4:16 PM,6:55 PM,8:07 PM
9-Nov-25,18-Jaw-1447,Ahad,5:32 AM,5:42 AM,6:52 AM,12:55 PM,4:16 PM,6:55 PM,8:07 PM
10-Nov-25,19-Jaw-1447,Isnin,5:32 AM,5:42 AM,6:53 AM,12:55 PM,4:17 PM,6:55 PM,8:07 PM
11-Nov-25,20-Jaw-1447,Selasa,5:32 AM,5:42 AM,6:53 AM,12:55 PM,4:17 PM,6:55 PM,8:07 PM
12-Nov-25,21-Jaw-1447,Rabu,5:32 AM,5:42 AM,6:53 AM,12:56 PM,4:17 PM,6:55 PM,8:07 PM
13-Nov-25,22-Jaw-1447,Khamis,5:32 AM,5:42 AM,6:53 AM,12:56 PM,4:17 PM,6:55 PM,8:07 PM
14-Nov-25,23-Jaw-1447,Jumaat,5:32 AM,5:42 AM,6:53 AM,12:56 PM,4:18 PM,6:55 PM,8:08 PM
15-Nov-25,24-Jaw-1447,Sabtu,5:32 AM,5:42 AM,6:53 AM,12:56 PM,4:18 PM,6:55 PM,8:08 PM
16-Nov-25,25-Jaw-1447,Ahad,5:32 AM,5:42 AM,6:54 AM,12:56 PM,4:18 PM,6:56 PM,8:08 PM
17-Nov-25,26-Jaw-1447,Isnin,5:32 AM,5:42 AM,6:54 AM,12:56 PM,4:18 PM,6:56 PM,8:08 PM
18-Nov-25,27-Jaw-1447,Selasa,5:32 AM,5:42 AM,6:54 AM,12:57 PM,4:19 PM,6:56 PM,8:09 PM
19-Nov-25,28-Jaw-1447,Rabu,5:32 AM,5:42 AM,6:54 AM,12:57 PM,4:19 PM,6:56 PM,8:09 PM
20-Nov-25,29-Jaw-1447,Khamis,5:33 AM,5:43 AM,6:55 AM,12:57 PM,4:19 PM,6:56 PM,8:09 PM
21-Nov-25,30-Jaw-1447,Jumaat,5:33 AM,5:43 AM,6:55 AM,12:57 PM,4:20 PM,6:57 PM,8:10 PM
22-Nov-25,01-Jak-1447,Sabtu,5:33 AM,5:43 AM,6:55 AM,12:58 PM,4:20 PM,6:57 PM,8:10 PM
23-Nov-25,02-Jak-1447,Ahad,5:33 AM,5:43 AM,6:55 AM,12:58 PM,4:20 PM,6:57 PM,8:10 PM
24-Nov-25,03-Jak-1447,Isnin,5:33 AM,5:43 AM,6:56 AM,12:58 PM,4:21 PM,6:57 PM,8:11 PM
25-Nov-25,04-Jak-1447,Selasa,5:34 AM,5:44 AM,6:56 AM,12:58 PM,4:21 PM,6:58 PM,8:11 PM
26-Nov-25,05-Jak-1447,Rabu,5:34 AM,5:44 AM,6:56 AM,12:59 PM,4:22 PM,6:58 PM,8:11 PM
27-Nov-25,06-Jak-1447,Khamis,5:34 AM,5:44 AM,6:57 AM,12:59 PM,4:22 PM,6:58 PM,8:12 PM
28-Nov-25,07-Jak-1447,Jumaat,5:34 AM,5:44 AM,6:57 AM,12:59 PM,4:22 PM,6:58 PM,8:12 PM
29-Nov-25,08-Jak-1447,Sabtu,5:35 AM,5:45 AM,6:58 AM,1:00 PM,4:23 PM,6:59 PM,8:13 PM
30-Nov-25,09-Jak-1447,Ahad,5:35 AM,5:45 AM,6:58 AM,1:00 PM,4:23 PM,6:59 PM,8:13 PM
1-Dec-25,10-Jak-1447,Isnin,5:35 AM,5:45 AM,6:58 AM,1:00 PM,4:24 PM,6:59 PM,8:13 PM
2-Dec-25,11-Jak-1447,Selasa,5:36 AM,5:46 AM,6:59 AM,1:01 PM,4:24 PM,7:00 PM,8:14 PM
3-Dec-25,12-Jak-1447,Rabu,5:36 AM,5:46 AM,6:59 AM,1:01 PM,4:24 PM,7:00 PM,8:14 PM
4-Dec-25,13-Jak-1447,Khamis,5:36 AM,5:46 AM,7:00 AM,1:02 PM,4:25 PM,7:01 PM,8:15 PM
5-Dec-25,14-Jak-1447,Jumaat,5:37 AM,5:47 AM,7:00 AM,1:02 PM,4:25 PM,7:01 PM,8:15 PM
6-Dec-25,15-Jak-1447,Sabtu,5:37 AM,5:47 AM,7:00 AM,1:02 PM,4:26 PM,7:01 PM,8:16 PM
7-Dec-25,16-Jak-1447,Ahad,5:37 AM,5:47 AM,7:01 AM,1:03 PM,4:26 PM,7:02 PM,8:16 PM
8-Dec-25,17-Jak-1447,Isnin,5:38 AM,5:48 AM,7:01 AM,1:03 PM,4:27 PM,7:02 PM,8:17 PM
9-Dec-25,18-Jak-1447,Selasa,5:38 AM,5:48 AM,7:02 AM,1:04 PM,4:27 PM,7:03 PM,8:17 PM
10-Dec-25,19-Jak-1447,Rabu,5:39 AM,5:49 AM,7:02 AM,1:04 PM,4:28 PM,7:03 PM,8:18 PM
11-Dec-25,20-Jak-1447,Khamis,5:39 AM,5:49 AM,7:03 AM,1:05 PM,4:28 PM,7:03 PM,8:18 PM
12-Dec-25,21-Jak-1447,Jumaat,5:39 AM,5:49 AM,7:03 AM,1:05 PM,4:29 PM,7:04 PM,8:19 PM
13-Dec-25,22-Jak-1447,Sabtu,5:40 AM,5:50 AM,7:04 AM,1:06 PM,4:29 PM,7:04 PM,8:19 PM
14-Dec-25,23-Jak-1447,Ahad,5:40 AM,5:50 AM,7:04 AM,1:06 PM,4:30 PM,7:05 PM,8:20 PM
15-Dec-25,24-Jak-1447,Isnin,5:41 AM,5:51 AM,7:05 AM,1:07 PM,4:30 PM,7:05 PM,8:20 PM
16-Dec-25,25-Jak-1447,Selasa,5:41 AM,5:51 AM,7:05 AM,1:07 PM,4:30 PM,7:06 PM,8:21 PM
17-Dec-25,26-Jak-1447,Rabu,5:42 AM,5:52 AM,7:06 AM,1:08 PM,4:31 PM,7:06 PM,8:21 PM
18-Dec-25,27-Jak-1447,Khamis,5:42 AM,5:52 AM,7:06 AM,1:08 PM,4:32 PM,7:07 PM,8:22 PM
19-Dec-25,28-Jak-1447,Jumaat,5:43 AM,5:53 AM,7:07 AM,1:08 PM,4:32 PM,7:07 PM,8:22 PM
20-Dec-25,29-Jak-1447,Sabtu,5:43 AM,5:53 AM,7:07 AM,1:09 PM,4:33 PM,7:08 PM,8:23 PM
21-Dec-25,30-Jak-1447,Ahad,5:44 AM,5:54 AM,7:08 AM,1:09 PM,4:33 PM,7:08 PM,8:23 PM
22-Dec-25,01-Rej-1447,Isnin,5:44 AM,5:54 AM,7:08 AM,1:10 PM,4:34 PM,7:09 PM,8:24 PM
23-Dec-25,02-Rej-1447,Selasa,5:45 AM,5:55 AM,7:09 AM,1:10 PM,4:34 PM,7:09 PM,8:24 PM
24-Dec-25,03-Rej-1447,Rabu,5:45 AM,5:55 AM,7:09 AM,1:11 PM,4:35 PM,7:10 PM,8:25 PM
25-Dec-25,04-Rej-1447,Khamis,5:46 AM,5:56 AM,7:10 AM,1:11 PM,4:35 PM,7:10 PM,8:25 PM
26-Dec-25,05-Rej-1447,Jumaat,5:46 AM,5:56 AM,7:10 AM,1:12 PM,4:36 PM,7:11 PM,8:26 PM
27-Dec-25,06-Rej-1447,Sabtu,5:47 AM,5:57 AM,7:11 AM,1:12 PM,4:36 PM,7:11 PM,8:26 PM
28-Dec-25,07-Rej-1447,Ahad,5:47 AM,5:57 AM,7:11 AM,1:13 PM,4:36 PM,7:12 PM,8:27 PM
29-Dec-25,08-Rej-1447,Isnin,5:48 AM,5:58 AM,7:12 AM,1:13 PM,4:37 PM,7:12 PM,8:27 PM
30-Dec-25,09-Rej-1447,Selasa,5:48 AM,5:58 AM,7:12 AM,1:14 PM,4:37 PM,7:13 PM,8:27 PM
31-Dec-25,10-Rej-1447,Rabu,5:49 AM,5:59 AM,7:12 AM,1:14 PM,4:38 PM,7:13 PM,8:28 PM
